TEAM_ID,LEAGUE_ID,SEASON_ID,STANDINGSDATE,CONFERENCE,TEAM,G,W,L,W_PCT,HOME_RECORD,ROAD_RECORD,RETURNTOPLAY,block,SEASON,block2,block3
1610612762,0,22020,7/20/2021,West,Utah,72,52,20,0.722,31-5,21-15,,1,2020,1,1
1610612756,0,22020,7/20/2021,West,Phoenix,72,51,21,0.708,27-9,24-12,,1,2020,1,1
1610612743,0,22020,7/20/2021,West,Denver,72,47,25,0.653,25-11,22-14,,1,2020,1,1
1610612746,0,22020,7/20/2021,West,LA Clippers,72,47,25,0.653,26-10,21-15,,1,2020,1,2
1610612742,0,22020,7/20/2021,West,Dallas,72,42,30,0.583,21-15,21-15,,1,2020,1,2
1610612747,0,22020,7/20/2021,West,L.A. Lakers,72,42,30,0.583,21-15,21-15,,2,2020,1,2
1610612757,0,22020,7/20/2021,West,Portland,72,42,30,0.583,20-16,22-14,,2,2020,1,3
1610612744,0,22020,7/20/2021,West,Golden State,72,39,33,0.542,25-11,14-22,,2,2020,1,3
1610612763,0,22020,7/20/2021,West,Memphis,72,38,34,0.528,18-18,20-16,,2,2020,2,3
1610612759,0,22020,7/20/2021,West,San Antonio,72,33,39,0.458,14-22,19-17,,2,2020,2,4
1610612740,0,22020,7/20/2021,West,New Orleans,72,31,41,0.431,18-18,13-23,,3,2020,2,4
1610612758,0,22020,7/20/2021,West,Sacramento,72,31,41,0.431,16-20,15-21,,3,2020,2,4
1610612750,0,22020,7/20/2021,West,Minnesota,72,23,49,0.319,13-23,26-Oct,,3,2020,2,5
1610612760,0,22020,7/20/2021,West,Oklahoma City,72,22,50,0.306,26-Oct,24-Dec,,3,2020,2,5
1610612745,0,22020,7/20/2021,West,Houston,72,17,55,0.236,27-Sep,28-Aug,,3,2020,2,5
1610612755,0,22020,7/20/2021,East,Philadelphia,72,49,23,0.681,29-7,20-16,,1,2020,1,1
1610612751,0,22020,7/20/2021,East,Brooklyn,72,48,24,0.667,28-8,20-16,,1,2020,1,1
1610612749,0,22020,7/20/2021,East,Milwaukee,72,46,26,0.639,26-10,20-16,,1,2020,1,1
1610612737,0,22020,7/20/2021,East,Atlanta,72,41,31,0.569,25-11,16-20,,1,2020,1,2
1610612752,0,22020,7/20/2021,East,New York,72,41,31,0.569,25-11,16-20,,1,2020,1,2
1610612748,0,22020,7/20/2021,East,Miami,72,40,32,0.556,21-15,19-17,,2,2020,1,2
1610612738,0,22020,7/20/2021,East,Boston,72,36,36,0.5,21-15,15-21,,2,2020,1,3
1610612754,0,22020,7/20/2021,East,Indiana,72,34,38,0.472,13-23,21-15,,2,2020,1,3
1610612764,0,22020,7/20/2021,East,Washington,72,34,38,0.472,19-17,15-21,,2,2020,2,3
1610612766,0,22020,7/20/2021,East,Charlotte,72,33,39,0.458,18-18,15-21,,2,2020,2,4
1610612741,0,22020,7/20/2021,East,Chicago,72,31,41,0.431,15-21,16-20,,3,2020,2,4
1610612761,0,22020,7/20/2021,East,Toronto,72,27,45,0.375,16-20,25-Nov,,3,2020,2,4
1610612739,0,22020,7/20/2021,East,Cleveland,72,22,50,0.306,13-23,27-Sep,,3,2020,2,5
1610612753,0,22020,7/20/2021,East,Orlando,72,21,51,0.292,25-Nov,26-Oct,,3,2020,2,5
1610612765,0,22020,7/20/2021,East,Detroit,72,20,52,0.278,13-23,29-Jul,,3,2020,2,5
1610612747,0,22019,10/11/2020,West,L.A. Lakers,71,52,19,0.732,25-10,27-9,,1,2019,1,1
1610612746,0,22019,10/11/2020,West,LA Clippers,72,49,23,0.681,27-9,22-14,,1,2019,1,1
1610612743,0,22019,10/11/2020,West,Denver,73,46,27,0.63,26-11,20-16,,1,2019,1,1
1610612745,0,22019,10/11/2020,West,Houston,72,44,28,0.611,24-12,20-16,,1,2019,1,2
1610612760,0,22019,10/11/2020,West,Oklahoma City,72,44,28,0.611,23-14,21-14,,1,2019,1,2
1610612762,0,22019,10/11/2020,West,Utah,72,44,28,0.611,23-12,21-16,,2,2019,1,2
1610612742,0,22019,10/11/2020,West,Dallas,75,43,32,0.573,20-18,23-14,,2,2019,1,3
1610612757,0,22019,10/11/2020,West,Portland,74,35,39,0.473,21-15,14-24,,2,2019,1,3
1610612763,0,22019,10/11/2020,West,Memphis,73,34,39,0.466,20-17,14-22,,2,2019,2,3
1610612756,0,22019,10/11/2020,West,Phoenix,73,34,39,0.466,17-22,17-17,,2,2019,2,4
1610612759,0,22019,10/11/2020,West,San Antonio,71,32,39,0.451,19-15,13-24,,3,2019,2,4
1610612758,0,22019,10/11/2020,West,Sacramento,72,31,41,0.431,16-19,15-22,,3,2019,2,4
1610612740,0,22019,10/11/2020,West,New Orleans,72,30,42,0.417,15-21,15-21,,3,2019,2,5
1610612750,0,22019,10/11/2020,West,Minnesota,64,19,45,0.297,24-Aug,21-Nov,,3,2019,2,5
1610612744,0,22019,10/11/2020,West,Golden State,65,15,50,0.231,26-Aug,24-Jul,,3,2019,2,5
1610612749,0,22019,10/11/2020,East,Milwaukee,73,56,17,0.767,30-5,26-12,1,1,2019,1,1
1610612761,0,22019,10/11/2020,East,Toronto,72,53,19,0.736,26-10,27-9,1,1,2019,1,1
1610612738,0,22019,10/11/2020,East,Boston,72,48,24,0.667,26-10,22-14,1,1,2019,1,1
1610612754,0,22019,10/11/2020,East,Indiana,73,45,28,0.616,25-11,20-17,1,1,2019,1,2
1610612748,0,22019,10/11/2020,East,Miami,73,44,29,0.603,29-7,15-22,1,1,2019,1,2
1610612755,0,22019,10/11/2020,East,Philadelphia,73,43,30,0.589,31-4,26-Dec,1,2,2019,1,2
1610612751,0,22019,10/11/2020,East,Brooklyn,72,35,37,0.486,20-16,15-21,1,2,2019,1,3
1610612753,0,22019,10/11/2020,East,Orlando,73,33,40,0.452,18-17,15-23,1,2,2019,1,3
1610612764,0,22019,10/11/2020,East,Washington,72,25,47,0.347,16-20,27-Sep,1,2,2019,2,3
1610612766,0,22019,10/11/2020,East,Charlotte,65,23,42,0.354,21-Oct,13-21,0,2,2019,2,4
1610612741,0,22019,10/11/2020,East,Chicago,65,22,43,0.338,14-20,23-Aug,0,3,2019,2,4
1610612752,0,22019,10/11/2020,East,New York,66,21,45,0.318,22-Nov,23-Oct,0,3,2019,2,4
1610612765,0,22019,10/11/2020,East,Detroit,66,20,46,0.303,22-Nov,24-Sep,0,3,2019,2,5
1610612737,0,22019,10/11/2020,East,Atlanta,67,20,47,0.299,14-20,27-Jun,0,3,2019,2,5
1610612739,0,22019,10/11/2020,East,Cleveland,65,19,46,0.292,25-Nov,21-Aug,0,3,2019,2,5
1610612759,0,22013,6/15/2014,West,San Antonio,82,62,20,0.756,32-9,30-11,,1,2013,1,1
1610612760,0,22013,6/15/2014,West,Oklahoma City,82,59,23,0.72,34-7,25-16,,1,2013,1,1
1610612746,0,22013,6/15/2014,West,L.A. Clippers,82,57,25,0.695,34-7,23-18,,1,2013,1,1
1610612745,0,22013,6/15/2014,West,Houston,82,54,28,0.659,33-8,21-20,,1,2013,1,2
1610612757,0,22013,6/15/2014,West,Portland,82,54,28,0.659,31-10,23-18,,1,2013,1,2
1610612744,0,22013,6/15/2014,West,Golden State,82,51,31,0.622,27-14,24-17,,2,2013,1,2
1610612763,0,22013,6/15/2014,West,Memphis,82,50,32,0.61,27-14,23-18,,2,2013,1,3
1610612742,0,22013,6/15/2014,West,Dallas,82,49,33,0.598,26-15,23-18,,2,2013,1,3
1610612756,0,22013,6/15/2014,West,Phoenix,82,48,34,0.585,26-15,22-19,,2,2013,2,3
1610612750,0,22013,6/15/2014,West,Minnesota,82,40,42,0.488,24-17,16-25,,2,2013,2,4
1610612743,0,22013,6/15/2014,West,Denver,82,36,46,0.439,22-19,14-27,,3,2013,2,4
1610612740,0,22013,6/15/2014,West,New Orleans,82,34,48,0.415,22-19,29-Dec,,3,2013,2,4
1610612758,0,22013,6/15/2014,West,Sacramento,82,28,54,0.341,17-24,30-Nov,,3,2013,2,5
1610612747,0,22013,6/15/2014,West,L.A. Lakers,82,27,55,0.329,14-27,13-28,,3,2013,2,5
1610612762,0,22013,6/15/2014,West,Utah,82,25,57,0.305,16-25,Sep-32,,3,2013,2,5
1610612760,0,22012,6/20/2013,West,Oklahoma City,82,60,22,0.732,34-7,26-15,,1,2012,1,1
1610612759,0,22012,6/20/2013,West,San Antonio,82,58,24,0.707,35-6,23-18,,1,2012,1,1
1610612743,0,22012,6/20/2013,West,Denver,82,57,25,0.695,38-3,19-22,,1,2012,1,1
1610612746,0,22012,6/20/2013,West,L.A. Clippers,82,56,26,0.683,32-9,24-17,,1,2012,1,2
1610612763,0,22012,6/20/2013,West,Memphis,82,56,26,0.683,32-9,24-17,,1,2012,1,2
1610612744,0,22012,6/20/2013,West,Golden State,82,47,35,0.573,28-13,19-22,,2,2012,1,2
1610612745,0,22012,6/20/2013,West,Houston,82,45,37,0.549,29-12,16-25,,2,2012,1,3
1610612747,0,22012,6/20/2013,West,L.A. Lakers,82,45,37,0.549,29-12,16-25,,2,2012,1,3
1610612762,0,22012,6/20/2013,West,Utah,82,43,39,0.524,30-11,13-28,,2,2012,2,3
1610612742,0,22012,6/20/2013,West,Dallas,82,41,41,0.5,24-17,17-24,,2,2012,2,4
1610612757,0,22012,6/20/2013,West,Portland,82,33,49,0.402,22-19,30-Nov,,3,2012,2,4
1610612750,0,22012,6/20/2013,West,Minnesota,82,31,51,0.378,20-21,30-Nov,,3,2012,2,4
1610612758,0,22012,6/20/2013,West,Sacramento,82,28,54,0.341,20-21,Aug-33,,3,2012,2,5
1610612740,0,22012,6/20/2013,West,New Orleans,82,27,55,0.329,16-25,30-Nov,,3,2012,2,5
1610612756,0,22012,6/20/2013,West,Phoenix,82,25,57,0.305,17-24,Aug-33,,3,2012,2,5
1610612759,0,22011,6/21/2012,West,San Antonio,66,50,16,0.758,28-5,22-11,,1,2011,1,1
1610612760,0,22011,6/21/2012,West,Oklahoma City,66,47,19,0.712,26-7,21-12,,1,2011,1,1
1610612747,0,22011,6/21/2012,West,L.A. Lakers,66,41,25,0.621,26-7,15-18,,1,2011,1,1
1610612763,0,22011,6/21/2012,West,Memphis,66,41,25,0.621,26-7,15-18,,1,2011,1,2
1610612746,0,22011,6/21/2012,West,L.A. Clippers,66,40,26,0.606,24-9,16-17,,1,2011,1,2
1610612743,0,22011,6/21/2012,West,Denver,66,38,28,0.576,20-13,18-15,,2,2011,1,2
1610612742,0,22011,6/21/2012,West,Dallas,66,36,30,0.545,23-10,13-20,,2,2011,1,3
1610612762,0,22011,6/21/2012,West,Utah,66,36,30,0.545,25-8,22-Nov,,2,2011,1,3
1610612745,0,22011,6/21/2012,West,Houston,66,34,32,0.515,22-11,21-Dec,,2,2011,2,3
1610612756,0,22011,6/21/2012,West,Phoenix,66,33,33,0.5,19-14,14-19,,2,2011,2,4
1610612757,0,22011,6/21/2012,West,Portland,66,28,38,0.424,20-13,25-Aug,,3,2011,2,4
1610612750,0,22011,6/21/2012,West,Minnesota,66,26,40,0.394,13-20,13-20,,3,2011,2,4
1610612744,0,22011,6/21/2012,West,Golden State,66,23,43,0.348,21-Dec,22-Nov,,3,2011,2,5
1610612758,0,22011,6/21/2012,West,Sacramento,66,22,44,0.333,16-17,27-Jun,,3,2011,2,5
1610612740,0,22011,6/21/2012,West,New Orleans,66,21,45,0.318,22-Nov,23-Oct,,3,2011,2,5
1610612759,0,22010,6/12/2011,West,San Antonio,82,61,21,0.744,36-5,25-16,,1,2010,1,1
1610612742,0,22010,6/12/2011,West,Dallas,82,57,25,0.695,29-12,28-13,,1,2010,1,1
1610612747,0,22010,6/12/2011,West,L.A. Lakers,82,57,25,0.695,30-11,27-14,,1,2010,1,1
1610612760,0,22010,6/12/2011,West,Oklahoma City,82,55,27,0.671,30-11,25-16,,1,2010,1,2
1610612743,0,22010,6/12/2011,West,Denver,82,50,32,0.61,33-8,17-24,,1,2010,1,2
1610612757,0,22010,6/12/2011,West,Portland,82,48,34,0.585,30-11,18-23,,2,2010,1,2
1610612763,0,22010,6/12/2011,West,Memphis,82,46,36,0.561,30-11,16-25,,2,2010,1,3
1610612740,0,22010,6/12/2011,West,New Orleans,82,46,36,0.561,28-13,18-23,,2,2010,1,3
1610612745,0,22010,6/12/2011,West,Houston,82,43,39,0.524,25-16,18-23,,2,2010,2,3
1610612756,0,22010,6/12/2011,West,Phoenix,82,40,42,0.488,23-18,17-24,,2,2010,2,4
1610612762,0,22010,6/12/2011,West,Utah,82,39,43,0.476,21-20,18-23,,3,2010,2,4
1610612744,0,22010,6/12/2011,West,Golden State,82,36,46,0.439,26-15,31-Oct,,3,2010,2,4
1610612746,0,22010,6/12/2011,West,L.A. Clippers,82,32,50,0.39,23-18,Sep-32,,3,2010,2,5
1610612758,0,22010,6/12/2011,West,Sacramento,82,24,58,0.293,30-Nov,13-28,,3,2010,2,5
1610612750,0,22010,6/12/2011,West,Minnesota,82,17,65,0.207,29-Dec,May-36,,3,2010,2,5
1610612747,0,22009,6/17/2010,West,L.A. Lakers,82,57,25,0.695,34-7,23-18,,1,2009,1,1
1610612742,0,22009,6/17/2010,West,Dallas,82,55,27,0.671,28-13,27-14,,1,2009,1,1
1610612756,0,22009,6/17/2010,West,Phoenix,82,54,28,0.659,32-9,22-19,,1,2009,1,1
1610612743,0,22009,6/17/2010,West,Denver,82,53,29,0.646,34-7,19-22,,1,2009,1,2
1610612762,0,22009,6/17/2010,West,Utah,82,53,29,0.646,32-9,21-20,,1,2009,1,2
1610612760,0,22009,6/17/2010,West,Oklahoma City,82,50,32,0.61,27-14,23-18,,2,2009,1,2
1610612757,0,22009,6/17/2010,West,Portland,82,50,32,0.61,26-15,24-17,,2,2009,1,3
1610612759,0,22009,6/17/2010,West,San Antonio,82,50,32,0.61,29-12,21-20,,2,2009,1,3
1610612745,0,22009,6/17/2010,West,Houston,82,42,40,0.512,23-18,19-22,,2,2009,2,3
1610612763,0,22009,6/17/2010,West,Memphis,82,40,42,0.488,23-18,17-24,,2,2009,2,4
1610612740,0,22009,6/17/2010,West,New Orleans,82,37,45,0.451,24-17,13-28,,3,2009,2,4
1610612746,0,22009,6/17/2010,West,L.A. Clippers,82,29,53,0.354,21-20,Aug-33,,3,2009,2,4
1610612744,0,22009,6/17/2010,West,Golden State,82,26,56,0.317,18-23,Aug-33,,3,2009,2,5
1610612758,0,22009,6/17/2010,West,Sacramento,82,25,57,0.305,18-23,Jul-34,,3,2009,2,5
1610612750,0,22009,6/17/2010,West,Minnesota,82,15,67,0.183,31-Oct,May-36,,3,2009,2,5
1610612747,0,22008,6/14/2009,West,L.A. Lakers,82,65,17,0.793,36-5,29-12,,1,2008,1,1
1610612743,0,22008,6/14/2009,West,Denver,82,54,28,0.659,33-8,21-20,,1,2008,1,1
1610612757,0,22008,6/14/2009,West,Portland,82,54,28,0.659,34-7,20-21,,1,2008,1,1
1610612759,0,22008,6/14/2009,West,San Antonio,82,54,28,0.659,28-13,26-15,,1,2008,1,2
1610612745,0,22008,6/14/2009,West,Houston,82,53,29,0.646,33-8,20-21,,1,2008,1,2
1610612742,0,22008,6/14/2009,West,Dallas,82,50,32,0.61,32-9,18-23,,2,2008,1,2
1610612740,0,22008,6/14/2009,West,New Orleans,82,49,33,0.598,28-13,21-20,,2,2008,1,3
1610612762,0,22008,6/14/2009,West,Utah,82,48,34,0.585,33-8,15-26,,2,2008,1,3
1610612756,0,22008,6/14/2009,West,Phoenix,82,46,36,0.561,28-13,18-23,,2,2008,2,3
1610612744,0,22008,6/14/2009,West,Golden State,82,29,53,0.354,21-20,Aug-33,,2,2008,2,4
1610612763,0,22008,6/14/2009,West,Memphis,82,24,58,0.293,16-25,Aug-33,,3,2008,2,4
1610612750,0,22008,6/14/2009,West,Minnesota,82,24,58,0.293,30-Nov,13-28,,3,2008,2,4
1610612760,0,22008,6/14/2009,West,Oklahoma City,82,23,59,0.28,15-26,Aug-33,,3,2008,2,5
1610612746,0,22008,6/14/2009,West,L.A. Clippers,82,19,63,0.232,30-Nov,Aug-33,,3,2008,2,5
1610612758,0,22008,6/14/2009,West,Sacramento,82,17,65,0.207,30-Nov,Jun-35,,3,2008,2,5
1610612747,0,22007,6/17/2008,West,L.A. Lakers,82,57,25,0.695,30-11,27-14,,1,2007,1,1
1610612740,0,22007,6/17/2008,West,New Orleans,82,56,26,0.683,30-11,26-15,,1,2007,1,1
1610612759,0,22007,6/17/2008,West,San Antonio,82,56,26,0.683,34-7,22-19,,1,2007,1,1
1610612745,0,22007,6/17/2008,West,Houston,82,55,27,0.671,31-10,24-17,,1,2007,1,2
1610612756,0,22007,6/17/2008,West,Phoenix,82,55,27,0.671,30-11,25-16,,1,2007,1,2
1610612762,0,22007,6/17/2008,West,Utah,82,54,28,0.659,37-4,17-24,,2,2007,1,2
1610612742,0,22007,6/17/2008,West,Dallas,82,51,31,0.622,34-7,17-24,,2,2007,1,3
1610612743,0,22007,6/17/2008,West,Denver,82,50,32,0.61,33-8,17-24,,2,2007,1,3
1610612744,0,22007,6/17/2008,West,Golden State,82,48,34,0.585,27-14,21-20,,2,2007,2,3
1610612757,0,22007,6/17/2008,West,Portland,82,41,41,0.5,28-13,13-28,,2,2007,2,4
1610612758,0,22007,6/17/2008,West,Sacramento,82,38,44,0.463,26-15,29-Dec,,3,2007,2,4
1610612746,0,22007,6/17/2008,West,L.A. Clippers,82,23,59,0.28,13-28,31-Oct,,3,2007,2,4
1610612763,0,22007,6/17/2008,West,Memphis,82,22,60,0.268,14-27,Aug-33,,3,2007,2,5
1610612750,0,22007,6/17/2008,West,Minnesota,82,22,60,0.268,15-26,Jul-34,,3,2007,2,5
1610612760,0,22007,6/17/2008,West,Seattle,82,20,62,0.244,13-28,Jul-34,,3,2007,2,5
1610612742,0,22006,6/14/2007,West,Dallas,82,67,15,0.817,36-5,31-10,,1,2006,1,1
1610612756,0,22006,6/14/2007,West,Phoenix,82,61,21,0.744,33-8,28-13,,1,2006,1,1
1610612759,0,22006,6/14/2007,West,San Antonio,82,58,24,0.707,31-10,27-14,,1,2006,1,1
1610612745,0,22006,6/14/2007,West,Houston,82,52,30,0.634,28-13,24-17,,1,2006,1,2
1610612762,0,22006,6/14/2007,West,Utah,82,51,31,0.622,31-10,20-21,,1,2006,1,2
1610612743,0,22006,6/14/2007,West,Denver,82,45,37,0.549,23-18,22-19,,2,2006,1,2
1610612744,0,22006,6/14/2007,West,Golden State,82,42,40,0.512,30-11,29-Dec,,2,2006,1,3
1610612747,0,22006,6/14/2007,West,L.A. Lakers,82,42,40,0.512,25-16,17-24,,2,2006,1,3
1610612746,0,22006,6/14/2007,West,L.A. Clippers,82,40,42,0.488,25-16,15-26,,2,2006,2,3
1610612740,0,22006,6/14/2007,West,New Orleans/Oklahoma City,82,39,43,0.476,24-17,15-26,,2,2006,2,4
1610612758,0,22006,6/14/2007,West,Sacramento,82,33,49,0.402,20-21,13-28,,3,2006,2,4
1610612750,0,22006,6/14/2007,West,Minnesota,82,32,50,0.39,20-21,29-Dec,,3,2006,2,4
1610612757,0,22006,6/14/2007,West,Portland,82,32,50,0.39,18-23,14-27,,3,2006,2,5
1610612760,0,22006,6/14/2007,West,Seattle,82,31,51,0.378,20-21,30-Nov,,3,2006,2,5
1610612763,0,22006,6/14/2007,West,Memphis,82,22,60,0.268,14-27,Aug-33,,3,2006,2,5
1610612759,0,22005,6/20/2006,West,San Antonio,82,63,19,0.768,34-7,29-12,,1,2005,1,1
1610612742,0,22005,6/20/2006,West,Dallas,82,60,22,0.732,34-7,26-15,,1,2005,1,1
1610612756,0,22005,6/20/2006,West,Phoenix,82,54,28,0.659,31-10,23-18,,1,2005,1,1
1610612763,0,22005,6/20/2006,West,Memphis,82,49,33,0.598,30-11,19-22,,1,2005,1,2
1610612746,0,22005,6/20/2006,West,L.A. Clippers,82,47,35,0.573,27-14,20-21,,1,2005,1,2
1610612747,0,22005,6/20/2006,West,L.A. Lakers,82,45,37,0.549,27-14,18-23,,2,2005,1,2
1610612743,0,22005,6/20/2006,West,Denver,82,44,38,0.537,26-15,18-23,,2,2005,1,3
1610612758,0,22005,6/20/2006,West,Sacramento,82,44,38,0.537,27-14,17-24,,2,2005,1,3
1610612762,0,22005,6/20/2006,West,Utah,82,41,41,0.5,22-19,19-22,,2,2005,2,3
1610612740,0,22005,6/20/2006,West,New Orleans/Oklahoma City,82,38,44,0.463,24-17,14-27,,2,2005,2,4
1610612760,0,22005,6/20/2006,West,Seattle,82,35,47,0.427,22-19,13-28,,3,2005,2,4
1610612744,0,22005,6/20/2006,West,Golden State,82,34,48,0.415,21-20,13-28,,3,2005,2,4
1610612745,0,22005,6/20/2006,West,Houston,82,34,48,0.415,15-26,19-22,,3,2005,2,5
1610612750,0,22005,6/20/2006,West,Minnesota,82,33,49,0.402,24-17,Sep-32,,3,2005,2,5
1610612757,0,22005,6/20/2006,West,Portland,82,21,61,0.256,15-26,Jun-35,,3,2005,2,5
1610612756,0,22004,6/23/2005,West,Phoenix,82,62,20,0.756,31-10,31-10,,1,2004,1,1
1610612759,0,22004,6/23/2005,West,San Antonio,82,59,23,0.72,38-3,21-20,,1,2004,1,1
1610612742,0,22004,6/23/2005,West,Dallas,82,58,24,0.707,29-12,29-12,,1,2004,1,1
1610612760,0,22004,6/23/2005,West,Seattle,82,52,30,0.634,26-15,26-15,,1,2004,1,2
1610612745,0,22004,6/23/2005,West,Houston,82,51,31,0.622,26-15,25-16,,1,2004,1,2
1610612758,0,22004,6/23/2005,West,Sacramento,82,50,32,0.61,30-11,20-21,,2,2004,1,2
1610612743,0,22004,6/23/2005,West,Denver,82,49,33,0.598,31-10,18-23,,2,2004,1,3
1610612763,0,22004,6/23/2005,West,Memphis,82,45,37,0.549,26-15,19-22,,2,2004,1,3
1610612750,0,22004,6/23/2005,West,Minnesota,82,44,38,0.537,24-17,20-21,,2,2004,2,3
1610612746,0,22004,6/23/2005,West,L.A. Clippers,82,37,45,0.451,27-14,31-Oct,,2,2004,2,4
1610612744,0,22004,6/23/2005,West,Golden State,82,34,48,0.415,20-21,14-27,,3,2004,2,4
1610612747,0,22004,6/23/2005,West,L.A. Lakers,82,34,48,0.415,22-19,29-Dec,,3,2004,2,4
1610612757,0,22004,6/23/2005,West,Portland,82,27,55,0.329,18-23,Sep-32,,3,2004,2,5
1610612762,0,22004,6/23/2005,West,Utah,82,26,56,0.317,18-23,Aug-33,,3,2004,2,5
1610612740,0,22004,6/23/2005,West,New Orleans,82,18,64,0.22,30-Nov,Jul-34,,3,2004,2,5
1610612750,0,22003,6/15/2004,West,Minnesota,82,58,24,0.707,31-10,27-14,,1,2003,1,1
1610612759,0,22003,6/15/2004,West,San Antonio,82,57,25,0.695,33-8,24-17,,1,2003,1,1
1610612747,0,22003,6/15/2004,West,L.A. Lakers,82,56,26,0.683,34-7,22-19,,1,2003,1,1
1610612758,0,22003,6/15/2004,West,Sacramento,82,55,27,0.671,34-7,21-20,,1,2003,1,2
1610612742,0,22003,6/15/2004,West,Dallas,82,52,30,0.634,36-5,16-25,,1,2003,1,2
1610612763,0,22003,6/15/2004,West,Memphis,82,50,32,0.61,31-10,19-22,,2,2003,1,2
1610612745,0,22003,6/15/2004,West,Houston,82,45,37,0.549,27-14,18-23,,2,2003,1,3
1610612743,0,22003,6/15/2004,West,Denver,82,43,39,0.524,29-12,14-27,,2,2003,1,3
1610612762,0,22003,6/15/2004,West,Utah,82,42,40,0.512,28-13,14-27,,2,2003,2,3
1610612757,0,22003,6/15/2004,West,Portland,82,41,41,0.5,25-16,16-25,,2,2003,2,4
1610612744,0,22003,6/15/2004,West,Golden State,82,37,45,0.451,27-14,31-Oct,,3,2003,2,4
1610612760,0,22003,6/15/2004,West,Seattle,82,37,45,0.451,21-20,16-25,,3,2003,2,4
1610612756,0,22003,6/15/2004,West,Phoenix,82,29,53,0.354,18-23,30-Nov,,3,2003,2,5
1610612766,,,,,,,,,,,,,3,2003,2,5
1610612746,0,22003,6/15/2004,West,L.A. Clippers,82,28,54,0.341,18-23,31-Oct,,3,2003,2,5
1610612744,0,22018,6/13/2019,West,Golden State,82,57,25,0.695,30-11,27-14,,1,2018,1,1
1610612743,0,22018,6/13/2019,West,Denver,82,54,28,0.659,34-7,20-21,,1,2018,1,1
1610612745,0,22018,6/13/2019,West,Houston,82,53,29,0.646,31-10,22-19,,1,2018,1,1
1610612757,0,22018,6/13/2019,West,Portland,82,53,29,0.646,32-9,21-20,,1,2018,1,2
1610612762,0,22018,6/13/2019,West,Utah,82,50,32,0.61,29-12,21-20,,1,2018,1,2
1610612760,0,22018,6/13/2019,West,Oklahoma City,82,49,33,0.598,27-14,22-19,,2,2018,1,2
1610612746,0,22018,6/13/2019,West,LA Clippers,82,48,34,0.585,26-15,22-19,,2,2018,1,3
1610612759,0,22018,6/13/2019,West,San Antonio,82,48,34,0.585,32-9,16-25,,2,2018,1,3
1610612758,0,22018,6/13/2019,West,Sacramento,82,39,43,0.476,24-17,15-26,,2,2018,2,3
1610612747,0,22018,6/13/2019,West,L.A. Lakers,82,37,45,0.451,22-19,15-26,,2,2018,2,4
1610612750,0,22018,6/13/2019,West,Minnesota,82,36,46,0.439,25-16,30-Nov,,3,2018,2,4
1610612742,0,22018,6/13/2019,West,Dallas,82,33,49,0.402,24-17,Sep-32,,3,2018,2,4
1610612763,0,22018,6/13/2019,West,Memphis,82,33,49,0.402,21-20,29-Dec,,3,2018,2,5
1610612740,0,22018,6/13/2019,West,New Orleans,82,33,49,0.402,19-22,14-27,,3,2018,2,5
1610612756,0,22018,6/13/2019,West,Phoenix,82,19,63,0.232,29-Dec,Jul-34,,3,2018,2,5
1610612745,0,22017,6/8/2018,West,Houston,82,65,17,0.793,34-7,31-10,,1,2017,1,1
1610612744,0,22017,6/8/2018,West,Golden State,82,58,24,0.707,29-12,29-12,,1,2017,1,1
1610612757,0,22017,6/8/2018,West,Portland,82,49,33,0.598,28-13,21-20,,1,2017,1,1
1610612740,0,22017,6/8/2018,West,New Orleans,82,48,34,0.585,24-17,24-17,,1,2017,1,2
1610612760,0,22017,6/8/2018,West,Oklahoma City,82,48,34,0.585,27-14,21-20,,1,2017,1,2
1610612762,0,22017,6/8/2018,West,Utah,82,48,34,0.585,28-13,20-21,,2,2017,1,2
1610612750,0,22017,6/8/2018,West,Minnesota,82,47,35,0.573,30-11,17-24,,2,2017,1,3
1610612759,0,22017,6/8/2018,West,San Antonio,82,47,35,0.573,33-8,14-27,,2,2017,1,3
1610612743,0,22017,6/8/2018,West,Denver,82,46,36,0.561,31-10,15-26,,2,2017,2,3
1610612746,0,22017,6/8/2018,West,LA Clippers,82,42,40,0.512,22-19,20-21,,2,2017,2,4
1610612747,0,22017,6/8/2018,West,L.A. Lakers,82,35,47,0.427,20-21,15-26,,3,2017,2,4
1610612758,0,22017,6/8/2018,West,Sacramento,82,27,55,0.329,14-27,13-28,,3,2017,2,4
1610612742,0,22017,6/8/2018,West,Dallas,82,24,58,0.293,15-26,Sep-32,,3,2017,2,5
1610612763,0,22017,6/8/2018,West,Memphis,82,22,60,0.268,16-25,Jun-35,,3,2017,2,5
1610612756,0,22017,6/8/2018,West,Phoenix,82,21,61,0.256,31-Oct,30-Nov,,3,2017,2,5
1610612744,0,22016,6/12/2017,West,Golden State,82,67,15,0.817,36-5,31-10,,1,2016,1,1
1610612759,0,22016,6/12/2017,West,San Antonio,82,61,21,0.744,31-10,30-11,,1,2016,1,1
1610612745,0,22016,6/12/2017,West,Houston,82,55,27,0.671,30-11,25-16,,1,2016,1,1
1610612746,0,22016,6/12/2017,West,LA Clippers,82,51,31,0.622,29-12,22-19,,1,2016,1,2
1610612762,0,22016,6/12/2017,West,Utah,82,51,31,0.622,29-12,22-19,,1,2016,1,2
1610612760,0,22016,6/12/2017,West,Oklahoma City,82,47,35,0.573,28-13,19-22,,2,2016,1,2
1610612763,0,22016,6/12/2017,West,Memphis,82,43,39,0.524,24-17,19-22,,2,2016,1,3
1610612757,0,22016,6/12/2017,West,Portland,82,41,41,0.5,25-16,16-25,,2,2016,1,3
1610612743,0,22016,6/12/2017,West,Denver,82,40,42,0.488,22-19,18-23,,2,2016,2,3
1610612740,0,22016,6/12/2017,West,New Orleans,82,34,48,0.415,21-20,13-28,,2,2016,2,4
1610612742,0,22016,6/12/2017,West,Dallas,82,33,49,0.402,21-20,29-Dec,,3,2016,2,4
1610612758,0,22016,6/12/2017,West,Sacramento,82,32,50,0.39,17-24,15-26,,3,2016,2,4
1610612750,0,22016,6/12/2017,West,Minnesota,82,31,51,0.378,20-21,30-Nov,,3,2016,2,5
1610612747,0,22016,6/12/2017,West,L.A. Lakers,82,26,56,0.317,17-24,Sep-32,,3,2016,2,5
1610612756,0,22016,6/12/2017,West,Phoenix,82,24,58,0.293,15-26,Sep-32,,3,2016,2,5
1610612744,0,22015,6/19/2016,West,Golden State,82,73,9,0.89,39-2,34-7,,1,2015,1,1
1610612759,0,22015,6/19/2016,West,San Antonio,82,67,15,0.817,40-1,27-14,,1,2015,1,1
1610612760,0,22015,6/19/2016,West,Oklahoma City,82,55,27,0.671,32-9,23-18,,1,2015,1,1
1610612746,0,22015,6/19/2016,West,LA Clippers,82,53,29,0.646,29-12,24-17,,1,2015,1,2
1610612757,0,22015,6/19/2016,West,Portland,82,44,38,0.537,28-13,16-25,,1,2015,1,2
1610612742,0,22015,6/19/2016,West,Dallas,82,42,40,0.512,23-18,19-22,,2,2015,1,2
1610612763,0,22015,6/19/2016,West,Memphis,82,42,40,0.512,26-15,16-25,,2,2015,1,3
1610612745,0,22015,6/19/2016,West,Houston,82,41,41,0.5,23-18,18-23,,2,2015,1,3
1610612762,0,22015,6/19/2016,West,Utah,82,40,42,0.488,24-17,16-25,,2,2015,2,3
1610612743,0,22015,6/19/2016,West,Denver,82,33,49,0.402,18-23,15-26,,2,2015,2,4
1610612758,0,22015,6/19/2016,West,Sacramento,82,33,49,0.402,18-23,15-26,,3,2015,2,4
1610612740,0,22015,6/19/2016,West,New Orleans,82,30,52,0.366,21-20,Sep-32,,3,2015,2,4
1610612750,0,22015,6/19/2016,West,Minnesota,82,29,53,0.354,14-27,15-26,,3,2015,2,5
1610612756,0,22015,6/19/2016,West,Phoenix,82,23,59,0.28,14-27,Sep-32,,3,2015,2,5
1610612747,0,22015,6/19/2016,West,L.A. Lakers,82,17,65,0.207,29-Dec,May-36,,3,2015,2,5
1610612744,0,22014,6/16/2015,West,Golden State,82,67,15,0.817,39-2,28-13,,1,2014,1,1
1610612745,0,22014,6/16/2015,West,Houston,82,56,26,0.683,30-11,26-15,,1,2014,1,1
1610612746,0,22014,6/16/2015,West,L.A. Clippers,82,56,26,0.683,30-11,26-15,,1,2014,1,1
1610612763,0,22014,6/16/2015,West,Memphis,82,55,27,0.671,31-10,24-17,,1,2014,1,2
1610612759,0,22014,6/16/2015,West,San Antonio,82,55,27,0.671,33-8,22-19,,1,2014,1,2
1610612757,0,22014,6/16/2015,West,Portland,82,51,31,0.622,32-9,19-22,,2,2014,1,2
1610612742,0,22014,6/16/2015,West,Dallas,82,50,32,0.61,27-14,23-18,,2,2014,1,3
1610612740,0,22014,6/16/2015,West,New Orleans,82,45,37,0.549,28-13,17-24,,2,2014,1,3
1610612760,0,22014,6/16/2015,West,Oklahoma City,82,45,37,0.549,29-12,16-25,,2,2014,2,3
1610612756,0,22014,6/16/2015,West,Phoenix,82,39,43,0.476,22-19,17-24,,2,2014,2,4
1610612762,0,22014,6/16/2015,West,Utah,82,38,44,0.463,21-20,17-24,,3,2014,2,4
1610612743,0,22014,6/16/2015,West,Denver,82,30,52,0.366,19-22,30-Nov,,3,2014,2,4
1610612758,0,22014,6/16/2015,West,Sacramento,82,29,53,0.354,18-23,30-Nov,,3,2014,2,5
1610612747,0,22014,6/16/2015,West,L.A. Lakers,82,21,61,0.256,29-Dec,Sep-32,,3,2014,2,5
1610612750,0,22014,6/16/2015,West,Minnesota,82,16,66,0.195,Sep-32,Jul-34,,3,2014,2,5
1610612754,0,22013,6/15/2014,East,Indiana,82,56,26,0.683,35-6,21-20,,1,2013,1,1
1610612748,0,22013,6/15/2014,East,Miami,82,54,28,0.659,32-9,22-19,,1,2013,1,1
1610612741,0,22013,6/15/2014,East,Chicago,82,48,34,0.585,27-14,21-20,,1,2013,1,1
1610612761,0,22013,6/15/2014,East,Toronto,82,48,34,0.585,26-15,22-19,,1,2013,1,2
1610612751,0,22013,6/15/2014,East,Brooklyn,82,44,38,0.537,28-13,16-25,,1,2013,1,2
1610612764,0,22013,6/15/2014,East,Washington,82,44,38,0.537,22-19,22-19,,2,2013,1,2
1610612766,0,22013,6/15/2014,East,Charlotte,82,43,39,0.524,25-16,18-23,,2,2013,1,3
1610612737,0,22013,6/15/2014,East,Atlanta,82,38,44,0.463,24-17,14-27,,2,2013,1,3
1610612752,0,22013,6/15/2014,East,New York,82,37,45,0.451,19-22,18-23,,2,2013,2,3
1610612739,0,22013,6/15/2014,East,Cleveland,82,33,49,0.402,19-22,14-27,,2,2013,2,4
1610612765,0,22013,6/15/2014,East,Detroit,82,29,53,0.354,17-24,29-Dec,,3,2013,2,4
1610612738,0,22013,6/15/2014,East,Boston,82,25,57,0.305,16-25,Sep-32,,3,2013,2,4
1610612753,0,22013,6/15/2014,East,Orlando,82,23,59,0.28,19-22,Apr-37,,3,2013,2,5
1610612755,0,22013,6/15/2014,East,Philadelphia,82,19,63,0.232,31-Oct,Sep-32,,3,2013,2,5
1610612749,0,22013,6/15/2014,East,Milwaukee,82,15,67,0.183,31-Oct,May-36,,3,2013,2,5
1610612748,0,22012,6/20/2013,East,Miami,82,66,16,0.805,37-4,29-12,,1,2012,1,1
1610612752,0,22012,6/20/2013,East,New York,82,54,28,0.659,31-10,23-18,,1,2012,1,1
1610612754,0,22012,6/20/2013,East,Indiana,81,49,32,0.605,30-11,19-21,,1,2012,1,1
1610612751,0,22012,6/20/2013,East,Brooklyn,82,49,33,0.598,26-15,23-18,,1,2012,1,2
1610612741,0,22012,6/20/2013,East,Chicago,82,45,37,0.549,24-17,21-20,,1,2012,1,2
1610612737,0,22012,6/20/2013,East,Atlanta,82,44,38,0.537,25-16,19-22,,2,2012,1,2
1610612738,0,22012,6/20/2013,East,Boston,81,41,40,0.506,27-13,14-27,,2,2012,1,3
1610612749,0,22012,6/20/2013,East,Milwaukee,82,38,44,0.463,21-20,17-24,,2,2012,1,3
1610612755,0,22012,6/20/2013,East,Philadelphia,82,34,48,0.415,23-18,30-Nov,,2,2012,2,3
1610612761,0,22012,6/20/2013,East,Toronto,82,34,48,0.415,21-20,13-28,,2,2012,2,4
1610612765,0,22012,6/20/2013,East,Detroit,82,29,53,0.354,18-23,30-Nov,,3,2012,2,4
1610612764,0,22012,6/20/2013,East,Washington,82,29,53,0.354,22-19,Jul-34,,3,2012,2,4
1610612739,0,22012,6/20/2013,East,Cleveland,82,24,58,0.293,14-27,31-Oct,,3,2012,2,5
1610612766,0,22012,6/20/2013,East,Charlotte,82,21,61,0.256,15-26,Jun-35,,3,2012,2,5
1610612753,0,22012,6/20/2013,East,Orlando,82,20,62,0.244,29-Dec,Aug-33,,3,2012,2,5
1610612741,0,22011,6/21/2012,East,Chicago,66,50,16,0.758,26-7,24-9,,1,2011,1,1
1610612748,0,22011,6/21/2012,East,Miami,66,46,20,0.697,28-5,18-15,,1,2011,1,1
1610612754,0,22011,6/21/2012,East,Indiana,66,42,24,0.636,23-10,19-14,,1,2011,1,1
1610612737,0,22011,6/21/2012,East,Atlanta,66,40,26,0.606,23-10,17-16,,1,2011,1,2
1610612738,0,22011,6/21/2012,East,Boston,66,39,27,0.591,24-9,15-18,,1,2011,1,2
1610612753,0,22011,6/21/2012,East,Orlando,66,37,29,0.561,21-12,16-17,,2,2011,1,2
1610612752,0,22011,6/21/2012,East,New York,66,36,30,0.545,22-11,14-19,,2,2011,1,3
1610612755,0,22011,6/21/2012,East,Philadelphia,66,35,31,0.53,19-14,16-17,,2,2011,1,3
1610612749,0,22011,6/21/2012,East,Milwaukee,66,31,35,0.47,17-16,14-19,,2,2011,2,3
1610612765,0,22011,6/21/2012,East,Detroit,66,25,41,0.379,18-15,26-Jul,,2,2011,2,4
1610612761,0,22011,6/21/2012,East,Toronto,66,23,43,0.348,13-20,23-Oct,,3,2011,2,4
1610612751,0,22011,6/21/2012,East,New Jersey,66,22,44,0.333,24-Sep,13-20,,3,2011,2,4
1610612739,0,22011,6/21/2012,East,Cleveland,66,21,45,0.318,22-Nov,23-Oct,,3,2011,2,5
1610612764,0,22011,6/21/2012,East,Washington,66,20,46,0.303,22-Nov,24-Sep,,3,2011,2,5
1610612766,0,22011,6/21/2012,East,Charlotte,66,7,59,0.106,29-Apr,30-Mar,,3,2011,2,5
1610612741,0,22010,6/12/2011,East,Chicago,82,62,20,0.756,36-5,26-15,,1,2010,1,1
1610612748,0,22010,6/12/2011,East,Miami,82,58,24,0.707,30-11,28-13,,1,2010,1,1
1610612738,0,22010,6/12/2011,East,Boston,82,56,26,0.683,33-8,23-18,,1,2010,1,1
1610612753,0,22010,6/12/2011,East,Orlando,82,52,30,0.634,29-12,23-18,,1,2010,1,2
1610612737,0,22010,6/12/2011,East,Atlanta,82,44,38,0.537,24-17,20-21,,1,2010,1,2
1610612752,0,22010,6/12/2011,East,New York,82,42,40,0.512,23-18,19-22,,2,2010,1,2
1610612755,0,22010,6/12/2011,East,Philadelphia,82,41,41,0.5,26-15,15-26,,2,2010,1,3
1610612754,0,22010,6/12/2011,East,Indiana,82,37,45,0.451,24-17,13-28,,2,2010,1,3
1610612749,0,22010,6/12/2011,East,Milwaukee,82,35,47,0.427,22-19,13-28,,2,2010,2,3
1610612766,0,22010,6/12/2011,East,Charlotte,82,34,48,0.415,21-20,13-28,,2,2010,2,4
1610612765,0,22010,6/12/2011,East,Detroit,82,30,52,0.366,21-20,Sep-32,,3,2010,2,4
1610612751,0,22010,6/12/2011,East,New Jersey,82,24,58,0.293,19-22,May-36,,3,2010,2,4
1610612764,0,22010,6/12/2011,East,Washington,82,23,59,0.28,20-21,Mar-38,,3,2010,2,5
1610612761,0,22010,6/12/2011,East,Toronto,82,22,60,0.268,16-25,Jun-35,,3,2010,2,5
1610612739,0,22010,6/12/2011,East,Cleveland,82,19,63,0.232,29-Dec,Jul-34,,3,2010,2,5
1610612739,0,22009,6/17/2010,East,Cleveland,82,61,21,0.744,35-6,26-15,,1,2009,1,1
1610612753,0,22009,6/17/2010,East,Orlando,82,59,23,0.72,34-7,25-16,,1,2009,1,1
1610612737,0,22009,6/17/2010,East,Atlanta,82,53,29,0.646,34-7,19-22,,1,2009,1,1
1610612738,0,22009,6/17/2010,East,Boston,82,50,32,0.61,24-17,26-15,,1,2009,1,2
1610612748,0,22009,6/17/2010,East,Miami,82,47,35,0.573,24-17,23-18,,1,2009,1,2
1610612749,0,22009,6/17/2010,East,Milwaukee,82,46,36,0.561,28-13,18-23,,2,2009,1,2
1610612766,0,22009,6/17/2010,East,Charlotte,82,44,38,0.537,31-10,13-28,,2,2009,1,3
1610612741,0,22009,6/17/2010,East,Chicago,82,41,41,0.5,24-17,17-24,,2,2009,1,3
1610612761,0,22009,6/17/2010,East,Toronto,82,40,42,0.488,25-16,15-26,,2,2009,2,3
1610612754,0,22009,6/17/2010,East,Indiana,82,32,50,0.39,23-18,Sep-32,,2,2009,2,4
1610612752,0,22009,6/17/2010,East,New York,82,29,53,0.354,18-23,30-Nov,,3,2009,2,4
1610612765,0,22009,6/17/2010,East,Detroit,82,27,55,0.329,17-24,31-Oct,,3,2009,2,4
1610612755,0,22009,6/17/2010,East,Philadelphia,82,27,55,0.329,29-Dec,15-26,,3,2009,2,5
1610612764,0,22009,6/17/2010,East,Washington,82,26,56,0.317,15-26,30-Nov,,3,2009,2,5
1610612751,0,22009,6/17/2010,East,New Jersey,82,12,70,0.146,Aug-33,Apr-37,,3,2009,2,5
1610612739,0,22008,6/14/2009,East,Cleveland,82,66,16,0.805,39-2,27-14,,1,2008,1,1
1610612738,0,22008,6/14/2009,East,Boston,82,62,20,0.756,35-6,27-14,,1,2008,1,1
1610612753,0,22008,6/14/2009,East,Orlando,82,59,23,0.72,32-9,27-14,,1,2008,1,1
1610612737,0,22008,6/14/2009,East,Atlanta,82,47,35,0.573,31-10,16-25,,1,2008,1,2
1610612748,0,22008,6/14/2009,East,Miami,82,43,39,0.524,28-13,15-26,,1,2008,1,2
1610612741,0,22008,6/14/2009,East,Chicago,82,41,41,0.5,28-13,13-28,,2,2008,1,2
1610612755,0,22008,6/14/2009,East,Philadelphia,82,41,41,0.5,24-17,17-24,,2,2008,1,3
1610612765,0,22008,6/14/2009,East,Detroit,82,39,43,0.476,21-20,18-23,,2,2008,1,3
1610612754,0,22008,6/14/2009,East,Indiana,82,36,46,0.439,25-16,30-Nov,,2,2008,2,3
1610612766,0,22008,6/14/2009,East,Charlotte,82,35,47,0.427,23-18,29-Dec,,2,2008,2,4
1610612749,0,22008,6/14/2009,East,Milwaukee,82,34,48,0.415,22-19,29-Dec,,3,2008,2,4
1610612751,0,22008,6/14/2009,East,New Jersey,82,34,48,0.415,19-22,15-26,,3,2008,2,4
1610612761,0,22008,6/14/2009,East,Toronto,82,33,49,0.402,18-23,15-26,,3,2008,2,5
1610612752,0,22008,6/14/2009,East,New York,82,32,50,0.39,20-21,29-Dec,,3,2008,2,5
1610612764,0,22008,6/14/2009,East,Washington,82,19,63,0.232,13-28,Jun-35,,3,2008,2,5
1610612738,0,22007,6/17/2008,East,Boston,82,66,16,0.805,35-6,31-10,,1,2007,1,1
1610612765,0,22007,6/17/2008,East,Detroit,82,59,23,0.72,34-7,25-16,,1,2007,1,1
1610612753,0,22007,6/17/2008,East,Orlando,82,52,30,0.634,25-16,27-14,,1,2007,1,1
1610612739,0,22007,6/17/2008,East,Cleveland,82,45,37,0.549,27-14,18-23,,1,2007,1,2
1610612764,0,22007,6/17/2008,East,Washington,82,43,39,0.524,25-16,18-23,,1,2007,1,2
1610612761,0,22007,6/17/2008,East,Toronto,82,41,41,0.5,25-16,16-25,,2,2007,1,2
1610612755,0,22007,6/17/2008,East,Philadelphia,82,40,42,0.488,22-19,18-23,,2,2007,1,3
1610612737,0,22007,6/17/2008,East,Atlanta,82,37,45,0.451,25-16,29-Dec,,2,2007,1,3
1610612754,0,22007,6/17/2008,East,Indiana,82,36,46,0.439,21-20,15-26,,2,2007,2,3
1610612751,0,22007,6/17/2008,East,New Jersey,82,34,48,0.415,21-20,13-28,,2,2007,2,4
1610612741,0,22007,6/17/2008,East,Chicago,82,33,49,0.402,20-21,13-28,,3,2007,2,4
1610612766,0,22007,6/17/2008,East,Charlotte,82,32,50,0.39,21-20,30-Nov,,3,2007,2,4
1610612749,0,22007,6/17/2008,East,Milwaukee,82,26,56,0.317,19-22,Jul-34,,3,2007,2,5
1610612752,0,22007,6/17/2008,East,New York,82,23,59,0.28,15-26,Aug-33,,3,2007,2,5
1610612748,0,22007,6/17/2008,East,Miami,82,15,67,0.183,Sep-32,Jun-35,,3,2007,2,5
1610612765,0,22006,6/14/2007,East,Detroit,82,53,29,0.646,26-15,27-14,,1,2006,1,1
1610612739,0,22006,6/14/2007,East,Cleveland,82,50,32,0.61,30-11,20-21,,1,2006,1,1
1610612741,0,22006,6/14/2007,East,Chicago,82,49,33,0.598,31-10,18-23,,1,2006,1,1
1610612761,0,22006,6/14/2007,East,Toronto,82,47,35,0.573,30-11,17-24,,1,2006,1,2
1610612748,0,22006,6/14/2007,East,Miami,82,44,38,0.537,27-14,17-24,,1,2006,1,2
1610612751,0,22006,6/14/2007,East,New Jersey,82,41,41,0.5,24-17,17-24,,2,2006,1,2
1610612764,0,22006,6/14/2007,East,Washington,82,41,41,0.5,26-15,15-26,,2,2006,1,3
1610612753,0,22006,6/14/2007,East,Orlando,82,40,42,0.488,25-16,15-26,,2,2006,1,3
1610612754,0,22006,6/14/2007,East,Indiana,82,35,47,0.427,22-19,13-28,,2,2006,2,3
1610612755,0,22006,6/14/2007,East,Philadelphia,82,35,47,0.427,21-20,14-27,,2,2006,2,4
1610612766,0,22006,6/14/2007,East,Charlotte,82,33,49,0.402,20-21,13-28,,3,2006,2,4
1610612752,0,22006,6/14/2007,East,New York,82,33,49,0.402,19-22,14-27,,3,2006,2,4
1610612737,0,22006,6/14/2007,East,Atlanta,82,30,52,0.366,18-23,29-Dec,,3,2006,2,5
1610612749,0,22006,6/14/2007,East,Milwaukee,82,28,54,0.341,18-23,31-Oct,,3,2006,2,5
1610612738,0,22006,6/14/2007,East,Boston,82,24,58,0.293,29-Dec,29-Dec,,3,2006,2,5
1610612765,0,22005,6/20/2006,East,Detroit,82,64,18,0.78,37-4,27-14,,1,2005,1,1
1610612748,0,22005,6/20/2006,East,Miami,82,52,30,0.634,31-10,21-20,,1,2005,1,1
1610612739,0,22005,6/20/2006,East,Cleveland,82,50,32,0.61,31-10,19-22,,1,2005,1,1
1610612751,0,22005,6/20/2006,East,New Jersey,82,49,33,0.598,29-12,20-21,,1,2005,1,2
1610612764,0,22005,6/20/2006,East,Washington,82,42,40,0.512,27-14,15-26,,1,2005,1,2
1610612741,0,22005,6/20/2006,East,Chicago,82,41,41,0.5,21-20,20-21,,2,2005,1,2
1610612754,0,22005,6/20/2006,East,Indiana,82,41,41,0.5,27-14,14-27,,2,2005,1,3
1610612749,0,22005,6/20/2006,East,Milwaukee,82,40,42,0.488,25-16,15-26,,2,2005,1,3
1610612755,0,22005,6/20/2006,East,Philadelphia,82,38,44,0.463,23-18,15-26,,2,2005,2,3
1610612753,0,22005,6/20/2006,East,Orlando,82,36,46,0.439,26-15,31-Oct,,2,2005,2,4
1610612738,0,22005,6/20/2006,East,Boston,82,33,49,0.402,21-20,29-Dec,,3,2005,2,4
1610612761,0,22005,6/20/2006,East,Toronto,82,27,55,0.329,15-26,29-Dec,,3,2005,2,4
1610612737,0,22005,6/20/2006,East,Atlanta,82,26,56,0.317,18-23,Aug-33,,3,2005,2,5
1610612766,0,22005,6/20/2006,East,Charlotte,82,26,56,0.317,17-24,Sep-32,,3,2005,2,5
1610612752,0,22005,6/20/2006,East,New York,82,23,59,0.28,15-26,Aug-33,,3,2005,2,5
1610612748,0,22004,6/23/2005,East,Miami,82,59,23,0.72,35-6,24-17,,1,2004,1,1
1610612765,0,22004,6/23/2005,East,Detroit,82,54,28,0.659,32-9,22-19,,1,2004,1,1
1610612741,0,22004,6/23/2005,East,Chicago,82,47,35,0.573,27-14,20-21,,1,2004,1,1
1610612738,0,22004,6/23/2005,East,Boston,82,45,37,0.549,27-14,18-23,,1,2004,1,2
1610612764,0,22004,6/23/2005,East,Washington,82,45,37,0.549,29-12,16-25,,1,2004,1,2
1610612754,0,22004,6/23/2005,East,Indiana,82,44,38,0.537,25-16,19-22,,2,2004,1,2
1610612755,0,22004,6/23/2005,East,Philadelphia,82,43,39,0.524,25-16,18-23,,2,2004,1,3
1610612739,0,22004,6/23/2005,East,Cleveland,82,42,40,0.512,29-12,13-28,,2,2004,1,3
1610612751,0,22004,6/23/2005,East,New Jersey,82,42,40,0.512,24-17,18-23,,2,2004,2,3
1610612753,0,22004,6/23/2005,East,Orlando,82,36,46,0.439,24-17,29-Dec,,2,2004,2,4
1610612752,0,22004,6/23/2005,East,New York,82,33,49,0.402,22-19,30-Nov,,3,2004,2,4
1610612761,0,22004,6/23/2005,East,Toronto,82,33,49,0.402,22-19,30-Nov,,3,2004,2,4
1610612749,0,22004,6/23/2005,East,Milwaukee,82,30,52,0.366,23-18,Jul-34,,3,2004,2,5
1610612766,0,22004,6/23/2005,East,Charlotte,82,18,64,0.22,14-27,Apr-37,,3,2004,2,5
1610612737,0,22004,6/23/2005,East,Atlanta,82,13,69,0.159,Sep-32,Apr-37,,3,2004,2,5
1610612754,0,22003,6/15/2004,East,Indiana,82,61,21,0.744,34-7,27-14,,1,2003,1,1
1610612765,0,22003,6/15/2004,East,Detroit,82,54,28,0.659,31-10,23-18,,1,2003,1,1
1610612751,0,22003,6/15/2004,East,New Jersey,82,47,35,0.573,28-13,19-22,,1,2003,1,1
1610612748,0,22003,6/15/2004,East,Miami,82,42,40,0.512,29-12,13-28,,1,2003,1,2
1610612749,0,22003,6/15/2004,East,Milwaukee,82,41,41,0.5,27-14,14-27,,1,2003,1,2
1610612740,0,22003,6/15/2004,East,New Orleans,82,41,41,0.5,25-16,16-25,,2,2003,1,2
1610612752,0,22003,6/15/2004,East,New York,82,39,43,0.476,23-18,16-25,,2,2003,1,3
1610612738,0,22003,6/15/2004,East,Boston,82,36,46,0.439,19-22,17-24,,2,2003,1,3
1610612739,0,22003,6/15/2004,East,Cleveland,82,35,47,0.427,23-18,29-Dec,,2,2003,2,3
1610612755,0,22003,6/15/2004,East,Philadelphia,82,33,49,0.402,21-20,29-Dec,,2,2003,2,4
1610612761,0,22003,6/15/2004,East,Toronto,82,33,49,0.402,18-23,15-26,,3,2003,2,4
1610612737,0,22003,6/15/2004,East,Atlanta,82,28,54,0.341,18-23,31-Oct,,3,2003,2,4
1610612764,0,22003,6/15/2004,East,Washington,82,25,57,0.305,17-24,Aug-33,,3,2003,2,5
1610612741,0,22003,6/15/2004,East,Chicago,82,23,59,0.28,14-27,Sep-32,,3,2003,2,5
1610612753,0,22003,6/15/2004,East,Orlando,82,21,61,0.256,30-Nov,31-Oct,,3,2003,2,5
1610612749,0,22018,6/13/2019,East,Milwaukee,82,60,22,0.732,33-8,27-14,,1,2018,1,1
1610612761,0,22018,6/13/2019,East,Toronto,82,58,24,0.707,32-9,26-15,,1,2018,1,1
1610612755,0,22018,6/13/2019,East,Philadelphia,82,51,31,0.622,31-10,20-21,,1,2018,1,1
1610612738,0,22018,6/13/2019,East,Boston,82,49,33,0.598,28-13,21-20,,1,2018,1,2
1610612754,0,22018,6/13/2019,East,Indiana,82,48,34,0.585,29-12,19-22,,1,2018,1,2
1610612751,0,22018,6/13/2019,East,Brooklyn,82,42,40,0.512,23-18,19-22,,2,2018,1,2
1610612753,0,22018,6/13/2019,East,Orlando,82,42,40,0.512,25-16,17-24,,2,2018,1,3
1610612765,0,22018,6/13/2019,East,Detroit,82,41,41,0.5,26-15,15-26,,2,2018,1,3
1610612766,0,22018,6/13/2019,East,Charlotte,82,39,43,0.476,25-16,14-27,,2,2018,2,3
1610612748,0,22018,6/13/2019,East,Miami,82,39,43,0.476,19-22,20-21,,2,2018,2,4
1610612764,0,22018,6/13/2019,East,Washington,82,32,50,0.39,22-19,31-Oct,,3,2018,2,4
1610612737,0,22018,6/13/2019,East,Atlanta,82,29,53,0.354,17-24,29-Dec,,3,2018,2,4
1610612741,0,22018,6/13/2019,East,Chicago,82,22,60,0.268,Sep-32,13-28,,3,2018,2,5
1610612739,0,22018,6/13/2019,East,Cleveland,82,19,63,0.232,13-28,Jun-35,,3,2018,2,5
1610612752,0,22018,6/13/2019,East,New York,82,17,65,0.207,Sep-32,Aug-33,,3,2018,2,5
1610612761,0,22017,6/8/2018,East,Toronto,82,59,23,0.72,34-7,25-16,,1,2017,1,1
1610612738,0,22017,6/8/2018,East,Boston,82,55,27,0.671,27-14,28-13,,1,2017,1,1
1610612755,0,22017,6/8/2018,East,Philadelphia,82,52,30,0.634,30-11,22-19,,1,2017,1,1
1610612739,0,22017,6/8/2018,East,Cleveland,82,50,32,0.61,29-12,21-20,,1,2017,1,2
1610612754,0,22017,6/8/2018,East,Indiana,82,48,34,0.585,27-14,21-20,,1,2017,1,2
1610612748,0,22017,6/8/2018,East,Miami,82,44,38,0.537,26-15,18-23,,2,2017,1,2
1610612749,0,22017,6/8/2018,East,Milwaukee,82,44,38,0.537,25-16,19-22,,2,2017,1,3
1610612764,0,22017,6/8/2018,East,Washington,82,43,39,0.524,23-18,20-21,,2,2017,1,3
1610612765,0,22017,6/8/2018,East,Detroit,82,39,43,0.476,25-16,14-27,,2,2017,2,3
1610612766,0,22017,6/8/2018,East,Charlotte,82,36,46,0.439,21-20,15-26,,2,2017,2,4
1610612752,0,22017,6/8/2018,East,New York,82,29,53,0.354,19-22,31-Oct,,3,2017,2,4
1610612751,0,22017,6/8/2018,East,Brooklyn,82,28,54,0.341,15-26,13-28,,3,2017,2,4
1610612741,0,22017,6/8/2018,East,Chicago,82,27,55,0.329,17-24,31-Oct,,3,2017,2,5
1610612753,0,22017,6/8/2018,East,Orlando,82,25,57,0.305,17-24,Aug-33,,3,2017,2,5
1610612737,0,22017,6/8/2018,East,Atlanta,82,24,58,0.293,16-25,Aug-33,,3,2017,2,5
1610612738,0,22016,6/12/2017,East,Boston,82,53,29,0.646,30-11,23-18,,1,2016,1,1
1610612739,0,22016,6/12/2017,East,Cleveland,82,51,31,0.622,31-10,20-21,,1,2016,1,1
1610612761,0,22016,6/12/2017,East,Toronto,82,51,31,0.622,28-13,23-18,,1,2016,1,1
1610612764,0,22016,6/12/2017,East,Washington,82,49,33,0.598,30-11,19-22,,1,2016,1,2
1610612737,0,22016,6/12/2017,East,Atlanta,82,43,39,0.524,23-18,20-21,,1,2016,1,2
1610612754,0,22016,6/12/2017,East,Indiana,82,42,40,0.512,29-12,13-28,,2,2016,1,2
1610612749,0,22016,6/12/2017,East,Milwaukee,82,42,40,0.512,23-18,19-22,,2,2016,1,3
1610612741,0,22016,6/12/2017,East,Chicago,82,41,41,0.5,25-16,16-25,,2,2016,1,3
1610612748,0,22016,6/12/2017,East,Miami,82,41,41,0.5,23-18,18-23,,2,2016,2,3
1610612765,0,22016,6/12/2017,East,Detroit,82,37,45,0.451,24-17,13-28,,2,2016,2,4
1610612766,0,22016,6/12/2017,East,Charlotte,82,36,46,0.439,22-19,14-27,,3,2016,2,4
1610612752,0,22016,6/12/2017,East,New York,82,31,51,0.378,19-22,29-Dec,,3,2016,2,4
1610612753,0,22016,6/12/2017,East,Orlando,82,29,53,0.354,16-25,13-28,,3,2016,2,5
1610612755,0,22016,6/12/2017,East,Philadelphia,82,28,54,0.341,17-24,30-Nov,,3,2016,2,5
1610612751,0,22016,6/12/2017,East,Brooklyn,82,20,62,0.244,13-28,Jul-34,,3,2016,2,5
1610612739,0,22015,6/19/2016,East,Cleveland,82,57,25,0.695,33-8,24-17,,1,2015,1,1
1610612761,0,22015,6/19/2016,East,Toronto,82,56,26,0.683,32-9,24-17,,1,2015,1,1
1610612737,0,22015,6/19/2016,East,Atlanta,82,48,34,0.585,27-14,21-20,,1,2015,1,1
1610612738,0,22015,6/19/2016,East,Boston,82,48,34,0.585,28-13,20-21,,1,2015,1,2
1610612766,0,22015,6/19/2016,East,Charlotte,82,48,34,0.585,30-11,18-23,,1,2015,1,2
1610612748,0,22015,6/19/2016,East,Miami,82,48,34,0.585,28-13,20-21,,2,2015,1,2
1610612754,0,22015,6/19/2016,East,Indiana,82,45,37,0.549,26-15,19-22,,2,2015,1,3
1610612765,0,22015,6/19/2016,East,Detroit,82,44,38,0.537,26-15,18-23,,2,2015,1,3
1610612741,0,22015,6/19/2016,East,Chicago,82,42,40,0.512,26-15,16-25,,2,2015,2,3
1610612764,0,22015,6/19/2016,East,Washington,82,41,41,0.5,22-19,19-22,,2,2015,2,4
1610612753,0,22015,6/19/2016,East,Orlando,82,35,47,0.427,23-18,29-Dec,,3,2015,2,4
1610612749,0,22015,6/19/2016,East,Milwaukee,82,33,49,0.402,23-18,31-Oct,,3,2015,2,4
1610612752,0,22015,6/19/2016,East,New York,82,32,50,0.39,18-23,14-27,,3,2015,2,5
1610612751,0,22015,6/19/2016,East,Brooklyn,82,21,61,0.256,14-27,Jul-34,,3,2015,2,5
1610612755,0,22015,6/19/2016,East,Philadelphia,82,10,72,0.122,Jul-34,Mar-38,,3,2015,2,5
1610612737,0,22014,6/16/2015,East,Atlanta,82,60,22,0.732,35-6,25-16,,1,2014,1,1
1610612739,0,22014,6/16/2015,East,Cleveland,82,53,29,0.646,31-10,22-19,,1,2014,1,1
1610612741,0,22014,6/16/2015,East,Chicago,82,50,32,0.61,27-14,23-18,,1,2014,1,1
1610612761,0,22014,6/16/2015,East,Toronto,82,49,33,0.598,27-14,22-19,,1,2014,1,2
1610612764,0,22014,6/16/2015,East,Washington,82,46,36,0.561,29-12,17-24,,1,2014,1,2
1610612749,0,22014,6/16/2015,East,Milwaukee,82,41,41,0.5,23-18,18-23,,2,2014,1,2
1610612738,0,22014,6/16/2015,East,Boston,82,40,42,0.488,21-20,19-22,,2,2014,1,3
1610612751,0,22014,6/16/2015,East,Brooklyn,82,38,44,0.463,19-22,19-22,,2,2014,1,3
1610612754,0,22014,6/16/2015,East,Indiana,82,38,44,0.463,23-18,15-26,,2,2014,2,3
1610612748,0,22014,6/16/2015,East,Miami,82,37,45,0.451,20-21,17-24,,2,2014,2,4
1610612766,0,22014,6/16/2015,East,Charlotte,82,33,49,0.402,19-22,14-27,,3,2014,2,4
1610612765,0,22014,6/16/2015,East,Detroit,82,32,50,0.39,18-23,14-27,,3,2014,2,4
1610612753,0,22014,6/16/2015,East,Orlando,82,25,57,0.305,13-28,29-Dec,,3,2014,2,5
1610612755,0,22014,6/16/2015,East,Philadelphia,82,18,64,0.22,29-Dec,Jun-35,,3,2014,2,5
1610612752,0,22014,6/16/2015,East,New York,82,17,65,0.207,31-Oct,Jul-34,,3,2014,2,5
